Normal,Matrix
Tail,Firm
NormalTail,MatrixFirm
Ferver,Uphold
FerverTail,UpholdFirm
Can,Cut
Pass,Chop
Double,Enzyme
Machine,Symptom
CanPassDoubleMachine,CutChopEnzymeSymptom
Is,On
Top,Net
Enter,Fiord
IsTopEnter,OnNetFiord
Collider,Consider
DoubleMachineCollider,EnzymeSymptomConsider
Rig,Due
Ball,Hole
Image,Storm
BallImage,HoleStorm
Bounce,Backup
Icon,Darn
BounceBallIcon,BackupHoleDarn
BallCollider,HoleConsider
Material,Rotation
NormalMaterial,MatrixRotation
BounceMaterial,BackupRotation
Type,Much
Coin,Cape
CoinIcon,CapeDarn
Diamond,Magenta
DiamondIcon,MagentaDarn
Number,Glassy
Text,Drug
NumberText,GlassyDrug
Collect,Methane
Spine,Douse
CollectSpine,MethaneDouse
CollectSpine1,MethaneDouse1
CollectSpine2,MethaneDouse2
Name,Lash
SpineName,DouseLash
Body,Bold
Left,Ibex
Right,Layer
Size,Wish
BodySize,BoldWish
Pos,Two
Right_Pos,Layer_Two
PassSpine,ChopDouse
SpineSize,DouseWish
Light,Place
Effect,Button
LightEffect,PlaceButton
LightEffect1,PlaceButton1
LightEffect1Size,PlaceButton1Wish
LightEffect2,PlaceButton2
LightEffect2Size,PlaceButton2Wish
Line,Jazz
LineEffect,JazzButton
Multi,Finch
MultiText,FinchDrug
Wait,Perm
Born,Fray
Count,Imply
WaitBornCount,PermFrayImply
Interval,Maternal
BornInterval,FrayMaternal
Parent,Beluga
BallParent,HoleBeluga
Plinko,Canyon
Or,By
Drop,Swim
PlinkoOrDropBall,CanyonBySwimHole
Move,Mime
Tween,Block
MoveTween,MimeBlock
Anim,Shoe
Time,Pest
MoveAnimTime,MimeShoePest
Limit,Groan
MovePosLimit,MimeTwoGroan
Buff,Dose
Length,Injury
Buff_Length_Multi,Dose_Injury_Finch
Stop,Akin
Buff_Stop,Dose_Akin
Fly,Boy
FlyX,BoyX
TopY,NetY
Bottom,Expend
BottomY,ExpendY
Offect,Crease
OffectY,CreaseY
Money,Steep
Num,Buy
MoneyNum,SteepBuy
Reward,Unless
RewardText,UnlessDrug
Hit,Hot
HitCount,HotImply
Delay,Novel
Init,Wine
DelayInitIE,NovelWineIE
Icons,Group
Bomb,Roam
BombSpine,RoamDouse
Added,Cliff
Range,Lease
BombAddedRange,RoamCliffLease
InitEffect,WineButton
Refresh,Crystal
RefreshEffect,CrystalButton
Die,Too
DieEffect,TooButton
HitEffect,HotButton
Fever,Whale
FeverHitEffect,WhaleHotButton
CoinImage,CapeStorm
DiamondImage,MagentaStorm
CollectAImage,MethaneAStorm
CollectBImage,MethaneBStorm
HitRewardNum,HotUnlessBuy
DieRewardNum,TooUnlessBuy
MoveType,MimeMuch
Items,Humor
Rotate,Assess
RotateItems,AssessHumor
First,Cubic
FirstPos,CubicTwo
Step,Face
MoveStep,MimeFace
MoveTime,MimePest
MoveCount,MimeImply
MoveTween_Line,MimeBlock_Jazz
Rotates,Shatter
MoveTween_Rotates,MimeBlock_Shatter
Up,Go
UpPos,GoTwo
Down,Tale
DownPos,TaleTwo
Slot,Love
Sprites,Primary
SlotSprites,LovePrimary
Real,Drag
Item,Home
RealItemParent,DragHomeBeluga
RealItems,DragHumor
Loop,Ware
RealLoopCount,DragWareImply
Fake,Gobi
FakeItemsParent,GobiHumorBeluga
FakeItems,GobiHumor
FakeLoopCount,GobiWareImply
Max,Him
FakeLoopMax,GobiWareHim
High,Stun
ItemHigh,HomeStun
Sloting,Lateral
IsSloting,OnLateral
Win,Day
IsSlotWin,OnLoveDay
Index,Swing
WinIndex,DaySwing
WinSpine,DayDouse
To,Go
Trigger,Compost
WaitToTriggerNum,PermToCompostBuy
WaitToTriggerNumText,PermGoCompostBuyDrug
Fill,June
TimeFill,PestJune
Need,Peep
Delete,Cooper
NeedDelete,PeepCooper
is,Go
Test,Gain
isTest,isGain
Keys,Like
dir,Sty
color,Radio
color1,Radio1
color2,Radio2
range,Sense
Flip,Jump
m,m
Vetex,Trend
List,Rent
VetexList,TrendRent
m_VetexList,m_TrendRent
ready,Blame
Title,Prowl
TitleSpine,ProwlDouse
RewardIcon,UnlessDarn
RewardIconImage,UnlessDarnStorm
RewardIconImage1,UnlessDarnStorm1
Lights,Teapot
DiamondText,MagentaDrug
Ugui,Wire
DiamondTextUgui,MagentaDrugWire
DiamondReward,MagentaUnless
Center,Stench
Transforms,Playwright
LeftToCenterTransforms,IbexGoStenchPlaywright
Ad,To
Btn,Pig
AdBtn,ToPig
Get,Ash
GetBtn,AshPig
Finish,Fright
Event,Newly
FinishEvent,FrightNewly
Particle,Pharmacy
In,An
ParticleIn,PharmacyAn
m_ParticleIn,m_PharmacyAn
Idle,Hand
ParticleIdle,PharmacyHand
m_ParticleIdle,m_PharmacyHand
Coinobj,Various
Cashobj,Rebirth
Info,Soul
InfoText,SoulDrug
Quit,Idea
QuitBtn,IdeaPig
AdGetBtn,ToAshPig
CoinGetBtn,CapeAshPig
NumberTMPText,GlassyTMPDrug
Close,Wispy
CloseBtn,WispyPig
CoinGet,CapeAsh
As,Ox
Bs,ID
Scale,Cease
Gos,Ask
ScaleGos,CeaseAsk
Go,No
EnterGo,FiordNo
RewardNum,UnlessBuy
RewardNumText,UnlessBuyDrug
EventID,NewlyID
Ad9007Index,To9007Swing
Tmp,Hay
RewardTmpText,UnlessHayDrug
Claw,Life
ClawBtn,LifePig
LeftClaw,IbexLife
RightClaw,LayerLife
BallCount,HoleImply
BallCountText,HoleImplyDrug
BallBornPos,HoleFrayTwo
Fire,Main
FirePos,MainTwo
Power,Alloy
FirePower,MainAlloy
InClawBall,AnLifeHole
Balls,Steep
Machines,Vascular
DoubleMachines,EnzymeVascular
Locks,Magic
Lock,Post
LockFirstPosY,PostCubicTwoY
Gap,And
LockGapY,PostAndY
Texts,Faith
LockNumberTexts,PostGlassyFaith
Lines,Cargo
Chests,Nebula
Un,My
UnLockNumber,MyPostGlassy
TopLockIndex,NetPostSwing
Unlock,August
TopUnlockNumber,NetAugustGlassy
Unlocked,Alkaline
UnlockedNumber,AlkalineGlassy
UnlockNumberText,AugustGlassyDrug
min,Peg
Angle,Decor
minAngle,PegDecor
max,Hop
maxAngle,HopDecor
torque,Confer
Force,Tract
torqueForce,ConferTract
Rewards,Replica
Camera,Weight
_Camera,_Weight
Bg,He
Game,Room
Zone,Wake
GameZone,RoomWake
Set,Gel
SetBtn,GelPig
CoinNum,CapeBuy
Cash,Moth
CashNum,MothBuy
CoinText,CapeDrug
CashText,MothDrug
Out,Dew
CashOutEnter,MothDewFiord
_CashOutEnter,_MothDewFiord
CashFlyPos,MothBoyTwo
TopSpine,NetDouse
Transition,Polychrome
TransitionSpine,PolychromeDouse
Bubble,Satire
FlyBubble,BoySatire
_FlyBubble,_BoySatire
Timer,Tenet
FlyBubbleTimer,BoySatireTenet
Wheel,Tinge
WheelItemSpine,TingeHomeDouse
Temp,Salt
TempMoneyBG,SaltSteepBG
TempMoneyText,SaltSteepDrug
TempDiamondText,SaltMagentaDrug
Side,Lieu
SideUI,LieuUI
CashBtn,MothPig
m_CashBtn,m_MothPig
cashitrm,Birthday
Obj,Dig
cashitrmObj,BirthdayDig
jindu,Horde
rect,Rest
jindu1rect,Horde1Rest
jindu2rect,Horde2Rest
jindu3rect,Horde3Rest
jindu4rect,Horde4Rest
bottom,Spread
Middle,Linear
Trans,Upset
MiddleTransParent,LinearUpsetBeluga
bottomTransParent,SpreadUpsetBeluga
DropBallTrigger,SwimHoleCompost
Click,Swell
ClickDropBallGap,SwellSwimHoleAnd
Mouse,Bliss
Hold,Loss
MouseIsHold,BlissOnLoss
HoldDropBallGap,LossSwimHoleAnd
BallNum,HoleBuy
BallNumText,HoleBuyDrug
Recovery,Adaptive
BallRecoveryTimer,HoleAdaptiveTenet
BallRecoveryTimeText,HoleAdaptivePestDrug
Parten,Regain
ItemParten,HomeRegain
Special,Release
SpecialItems,ReleaseHumor
Types,Entry
SpecialItemTypes,ReleaseHomeEntry
DropBallCount,SwimHoleImply
Event_DropBallCount,Newly_SwimHoleImply
FeverNumImage,WhaleBuyStorm
FeverNum,WhaleBuy
Mode,Tall
InFeverMode,AnWhaleTall
BallNum_InFeverMode,HoleBuy_AnWhaleTall
InFever,AnWhale
BallNum_InFever_Icon,HoleBuy_AnWhale_Darn
IsFeverMode,OnWhaleTall
FeverTimer,WhaleTenet
FeverItemParent,WhaleHomeBeluga
Hide,Deep
NeedHide,PeepDeep
Fever_NeedHide,Whale_PeepDeep
Show,Even
NeedShow,PeepEven
Fever_NeedShow,Whale_PeepEven
Chest,Angle
FeverChest,WhaleAngle
FeverChestSpine,WhaleAngleDouse
FeverChestRewardEffect,WhaleAngleUnlessButton
FeverChestNum,WhaleAngleBuy
FeverChestNumText,WhaleAngleBuyDrug
Geted,Wagon
GetedDiamondNumInFeverMode,WagonMagentaBuyAnWhaleTall
GetedDiamondNumInFeverModeText,WagonMagentaBuyAnWhaleTallDrug
EnterFeverSpine,FiordWhaleDouse
EnterFeverGO,FiordWhaleGO
EnterFeverGO1,FiordWhaleGO1
EnterFeverGO1_Lights,FiordWhaleGO1_Teapot
EnterFeverGO2,FiordWhaleGO2
EnterFeverEffect,FiordWhaleButton
FeverSpine,WhaleDouse
Spineheng,Legendary
FeverSpineheng,WhaleLegendary
Lights1,Teapot1
Lights2,Teapot2
Feve,Homo
FeveLightAnim,HomoPlaceShoe
FeverSpineEnter,WhaleDouseFiord
Under,Aside
Collecters,Evanescent
UnderCollecters,AsideEvanescent
SlotMachine,LoveSymptom
Auto,Link
Fall,Topi
AutoFallBallEffect,LinkTopiHoleButton
SlotMachine_AutoFallBallEffect,LoveSymptom_LinkTopiHoleButton
DoubleMachine,EnzymeSymptom
_DoubleMachine,_EnzymeSymptom
Default,Igneous
DefaultTimer,IgneousTenet
DoubleMachine_DefaultTimer,EnzymeSymptom_IgneousTenet
Signs,Ethic
CollectASigns,MethaneAEthic
CollectBSigns,MethaneBEthic
Sign,Item
Effects,Fiction
CollectASignEffects,MethaneAItemFiction
CollectBSignEffects,MethaneBItemFiction
Ok,If
CollectAOkSigns,MethaneAIfEthic
CollectBOkSigns,MethaneBIfEthic
CollectNum,MethaneBuy
CollectA,MethaneA
CollectA_Timer,MethaneA_Tenet
CollectB,MethaneB
CollectB_Timer,MethaneB_Tenet
Nums,Nine
RewardNums,UnlessNine
Collect_RewardNums,Methane_UnlessNine
RewardTexts,UnlessFaith
Collect_RewardTexts,Methane_UnlessFaith
Wheel_Timer,Tinge_Tenet
Block,Cargo
Hole,Much
BlockHole,BlockHole
Black,Round
BlackHoleNum,RoundMuchBuy
BlackHoleNumText,RoundMuchBuyDrug
Wall,Soup
BlockHoleWallParent,CargoMuchSoupBeluga
BlockHoleWall,CargoMuchSoup
BlockHoleWall1,CargoMuchSoup1
BlockHoleWall2,CargoMuchSoup2
Add,Pit
BlockAddBallEffect,CargoPitHoleButton
Outline,Benefit
BounceWallOutline,BackupSoupBenefit
Physics,Typical
PhysicsMaterial,TypicalRotation
Wall_PhysicsMaterial,Soup_TypicalRotation
Buff_Wall_Bounce,Dose_Soup_Backup
Buff_Wall_Bounce_Timer,Dose_Soup_Backup_Tenet
Buff_DoubleMachine_Multi,Dose_EnzymeSymptom_Finch
Buff_DoubleMachine_Multi_Timer,Dose_EnzymeSymptom_Finch_Tenet
Buff_DoubleMachine_Length,Dose_EnzymeSymptom_Injury
Buff_DoubleMachine_Length_Timer,Dose_EnzymeSymptom_Injury_Tenet
Buff_DoubleMachine_Stop,Dose_EnzymeSymptom_Akin
Buff_DoubleMachine_Stop_Timer,Dose_EnzymeSymptom_Akin_Tenet
BounceBall,BackupHole
Buff_BounceBall,Dose_BackupHole
Buff_BounceBall_Timer,Dose_BackupHole_Tenet
Coroutines,Individual
FallBallCoroutines,TopiHoleIndividual
Guide,React
Panel,Cigar
GuidePanel,ReactCigar
_GuidePanel,_ReactCigar
AutoDropBallTimer,LinkSwimHoleTenet
Test_AutoDropBallTimer,Gain_LinkSwimHoleTenet
DropBallNum,SwimHoleBuy
Test_DropBallNum,Gain_SwimHoleBuy
InBlockNum,AnCargoBuy
Test_InBlockNum,Gain_AnCargoBuy
Hand,Also
InfoBg,SoulHe
GuideIndex,ReactSwing
Next,Post
NextBtn,NextPig
InfoMoveIE,SoulMimeIE
CoinReward,CapeUnless
CloseChest,WispyAngle
Open,Anew
OpenChest,AnewAngle
Images,Refute
ChestImages,AngleRefute
Spines,Barren
ChestSpines,AngleBarren
Coins,Plumb
Button,Outcry
ADButton,ADOutcry
Level,Paris
NextLevelButton,PostParisOutcry
ADText,ADDrug
SlotBG,LoveBG
RewardCashImage,UnlessMothStorm
Gold,Airy
RewardGoldImage,UnlessAiryStorm
reward,Admire
Value,Waste
rewardValue,AdmireWaste
has,Any
Clicked,Neonate
hasClickedAdBtn,AnyNeonateToPig
slider,Carpet
sliderImage,CarpetStorm
progress,Hitherto
progressText,HithertoDrug
Little,Entomb
LittleTitle,EntombProwl
Stars,Punch
star,Food
Sprite,Driver
star1Sprite,Food1Driver
star2Sprite,Food2Driver
RewardIcon_Coin,UnlessDarn_Cape
RewardIcon_Ball,UnlessDarn_Hole
RewardIcon_Diamond,UnlessDarn_Magenta
TMPCoinText,TMPCapeDrug
RewardType,UnlessMuch
_RewardType,_UnlessMuch
MoneyOrBall,SteepByHole
All,Tow
AdAllBtn,ToTowPig
Half,Data
GetHalfBtn,AshDataPig
AdDoubleBtn,ToEnzymePig
DelayShowGetBtn,NovelEvenAshPig
Watched,Everest
IsWatchedAD,OnEverestAD
On,Or
Off,Tap
Sound,Delft
Sound_Button,Delft_Outcry
Music,Shoot
Music_Button,Shoot_Outcry
Vibrate,Traffic
Vibrate_Button,Traffic_Outcry
Privacy,Passage
PrivacyBtn,PassagePig
Version,Scenery
VersionText,SceneryDrug
Group,Exalt
InitGroup,WineExalt
template,Maritime
Object,Render
templateMultiObject,MaritimeFinchRender
item,Wide
Width,Habit
itemWidth,WideHabit
Spin,Lowa
SpinBtn,LowaPig
Big,Bat
BigWheel,BatTinge
BigWheelItem,BatTingeHome
Small,Towel
SmallWheel,TowelTinge
SmallWheelText,TowelTingeDrug
Values,France
SmallWheelValues,TowelTingeFrance
Pointer,Varnish
FinishImage,FrightStorm
Light1,Place1
Light2,Place2
BigIndex,BatSwing
SmallIndex,TowelSwing
Data,Iraq
WinData,DayIraq
Fake_BigWheelItem,Gobi_BatTingeHome
Fake_SmallWheelText,Gobi_TowelTingeDrug
Wim,Run
WimSpine,RunDouse
Btndi,Juice
SpinBtndi,LowaJuice
audio,Onset
Mgr,Hue
audioMgr,OnsetHue
Pool,Bias
audioPool,OnsetBias
maxCount,HopImply
current,Besides
currentIndex,BesidesSwing
initialized,Abstraction
Audio,Group
Queue,Mercy
AudioQueue,AudioMercy
bg,It
bgMusic,ItShoot
m_bgMusic,m_ItShoot
Play,Norm
Source,Spinal
PlayAudioSourceList,NormGroupSpinalRent
Check,Trait
CheckInterval,TraitMaternal
Switch,Porous
BgMusicSwitch,HeShootPorous
_BgMusicSwitch,_HeShootPorous
EffectMusicSwitch,ButtonShootPorous
_EffectMusicSwitch,_ButtonShootPorous
VibrateSwitch,TrafficPorous
_VibrateSwitch,_TrafficPorous
Volume,Unique
BgVolume,HeUnique
_BgVolume,_HeUnique
EffectVolume,ButtonUnique
_EffectVolume,_ButtonUnique
BGM,BGM
BGM_Name,BGM_Lash
Dict,Bead
LoopEffectDict,WareButtonBead
Setting,Pavlova
AudioSettingDict,GroupPavlovaBead
AudioTimeDict,GroupPestBead
Key,Fun
AudioTimeDictKeyList,GroupPestBeadFunRent
Last,Host
LastVibrateTime,HostTrafficPest
frames,Plenty
framerate,Dimension
ignore,Encase
ignoreTimeScale,EncasePestCease
loop,Nose
curve,Plane
image,Steal
sprite,Potato
Renderer,Overcome
spriteRenderer,PotatoOvercome
Frame,Guild
currentFrameIndex,BesidesGuildSwing
timer,Magma
Framerate,Ptarmigan
currentFramerate,BesidesPtarmigan
Target,Athens
Target_Type,Athens_Much
Layout,Invade
Layout_Type,Invade_Much
Run,Fen
Run_Time,Fen_Pest
Layout_Number,Invade_Glassy
adjust,Bright
adjustID,BrightID
sv,Or
Just,Wife
ADJustInitType,ADWifeWineMuch
sv_ADJustInitType,sv_ADWifeWineMuch
ADJustTime,ADWifePest
sv_ADJustTime,Or_ADWifePest
Revenue,Nothing
adjustInitAdRevenue,BrightWineToNothing
MAX,MAX
SDK,SDK
KEY,KEY
MAX_SDK_KEY,MAX_SDK_KEY
REWARD,REWARD
ID,ID
MAX_REWARD_ID,MAX_REWARD_ID
INTER,INTER
MAX_INTER_ID,MAX_INTER_ID
retry,Peach
Attempt,Massive
retryAttempt,PeachMassive
Showing,Thunder
isShowingAd,GoThunderTo
Network,Orleans
rewardNetworkName,AdmireOrleansLash
Call,That
Back,Tour
Action,Mutual
rewardCallBackAction,AdmireThatTourMutual
Success,Monster
rewardSuccess,AdmireMonster
rewardIndex,AdmireSwing
interstitial,Experimental
interstitialNetworkName,ExperimentalOrleansLash
interstitialType,ExperimentalMuch
interstitialIndex,ExperimentalSwing
ad,So
Playing,College
Callbacks,Supersede
adPlayingCallbacks,SoCollegeSupersede
application,Aldosterone
Pause,Beach
Timestamp,Tellurium
applicationPauseTimestamp,AldosteroneBeachTellurium
Custom,Dragon
RewardAdCustomData,UnlessToDragonIraq
Interstitial,Unacceptable
InterstitialAdCustomData,UnacceptableToDragonIraq
Today,Shale
TodayWatchedAdNum,ShaleEverestToBuy
time,Near
Urls,Kill
timeUrls,NearKill
dictionary,Understand
Message,Boxlike
dictionaryMessage,UnderstandBoxlike
value,Shore
Bool,Acre
valueBool,ShoreAcre
valueBool2,ShoreAcre2
Int,Inn
valueInt,ShoreInn
valueInt2,ShoreInn2
valueInt3,ShoreInn3
Float,Wrong
valueFloat,ShoreWrong
valueFloat2,ShoreWrong2
valueDouble,ShoreEnzyme
valueDouble2,ShoreEnzyme2
String,Unlike
valueString,ShoreUnlike
valueString2,ShoreUnlike2
valueGameObject,ShoreRoomRender
valueGameObject2,ShoreRoomRender2
valueGameObject3,ShoreRoomRender3
valueGameObject4,ShoreRoomRender4
Transform,Folkloric
valueTransform,ShoreFolkloric
valueStringList,ShoreUnlikeRent
Vec,Elk
valueVec,ShoreElk
valueVec2List,ShoreElk2Rent
valueIntList,ShoreInnRent
message,Specify
messageCallBack,SpecifyThatTour
vec,Ill
vec2_1,Ill2_1
vec2_2,Ill2_2
Login,Cramp
Url,The
LoginUrl,CrampThe
Config,Winter
ConfigUrl,WinterThe
TimeUrl,PestThe
Adjust,Sandal
AdjustUrl,SandalThe
Local,Round
User,Trim
Id,At
LocalUserId,LocalTrimAt
sv_LocalUserId,Or_LocalTrimAt
Server,Inform
LocalServerId,RoundInformAt
sv_LocalServerId,Or_RoundInformAt
New,Oat
Player,Viewer
IsNewPlayer,OnOatViewer
sv_IsNewPlayer,Or_OnOatViewer
Daily,Strip
Bouns,Reuse
DailyBounsGetCount,StripReuseAshImply
sv_DailyBounsGetCount,Or_StripReuseAshImply
Date,Lira
DailyBounsDate,StripReuseLira
sv_DailyBounsDate,Or_StripReuseLira
NewUserStep,OatTrimFace
sv_NewUserStep,Or_OatTrimFace
GoldCoin,AiryCape
sv_GoldCoin,Or_AiryCape
Cumulative,Supersonic
CumulativeGoldCoin,SupersonicAiryCape
sv_CumulativeGoldCoin,Or_SupersonicAiryCape
Token,Leafy
sv_Token,Or_Leafy
CumulativeToken,SupersonicLeafy
sv_CumulativeToken,Or_SupersonicLeafy
Amazon,Ratify
sv_Amazon,Or_Ratify
CumulativeAmazon,SupersonicRatify
sv_CumulativeAmazon,Or_SupersonicRatify
Total,Pride
TotalGameTime,PrideRoomPest
sv_TotalGameTime,Or_PrideRoomPest
FirstGetToken,CubicAshLeafy
sv_FirstGetToken,Or_CubicAshLeafy
Has,Odd
Rate,Only
HasShowRatePanel,OddEvenOnlyCigar
sv_HasShowRatePanel,Or_OddEvenOnlyCigar
Lottery,Bravely
CumulativeLottery,SupersonicBravely
sv_CumulativeLottery,Or_SupersonicBravely
Already,Diverse
Levels,Length
AlreadyPassLevels,DiverseChopLength
sv_AlreadyPassLevels,Or_DiverseChopLength
NewUserStepFinish,OatTrimFaceFright
sv_NewUserStepFinish,Or_OatTrimFaceFright
task,Bony
level,Relic
count,Drink
sv_task_level_count,Or_Bony_Relic_Drink
FirstSlot,CubicLove
sv_FirstSlot,Or_CubicLove
Adid,Spew
AdjustAdid,SandalSpew
sv_AdjustAdid,Or_SandalSpew
trial,Nurse
num,Don
sv_ad_trial_num,Or_So_Nurse_Don
total,Pylon
sv_total_ad_num,Or_Pylon_So_Don
mg,At
Window,Incise
WindowOpen,InciseAnew
mg_WindowOpen,mg_InciseAnew
WindowClose,InciseWispy
mg_WindowClose,At_InciseWispy
ui,Or
levelcomplete,Controversial
mg_ui_levelcomplete,At_ui_Controversial
addgold,Volcano
mg_ui_addgold,At_Or_Volcano
addtoken,Neatness
mg_ui_addtoken,At_Or_Neatness
addamazon,Minuscule
mg_ui_addamazon,At_Or_Minuscule
Suspend,Execute
GameSuspend,RoomExecute
mg_GameSuspend,At_RoomExecute
Change,Feeble
ItemChange,HomeFeeble
mg_ItemChange_,At_HomeFeeble_
Activity,Masthead
State,Ranch
ActivityStateChange,MastheadRanchFeeble
mg_ActivityStateChange_,At_MastheadRanchFeeble_
LevelMaxLevelChange,ParisHimParisFeeble
mg_LevelMaxLevelChange,At_ParisHimParisFeeble
path,Wall
path_GoldCoin_Sprite,Wall_AiryCape_Driver
Dimond,Unreal
path_Token_Sprite_Dimond,Wall_Leafy_Driver_Unreal
TIMEOUT,TIMEOUT
Base,Sake
BaseUrl,SakeThe
BaseLoginUrl,SakeCrampThe
BaseConfigUrl,SakeWinterThe
BaseTimeUrl,SakePestThe
BaseAdjustUrl,SakeSandalThe
Code,Team
GameCode,RoomTeam
Channel,Terrain
country,Insight
ConfigData,WinterIraq
InitData,WineIraq
GameData,RoomIraq
_GameData,_RoomIraq
CashOut,MothDew
CashOut_Data,MothDew_Iraq
Manager,Grecian
adManager,SoGrecian
gaid,Code
aid,Era
idfa,Love
ready_count,Blame_Drink
Rule,Deny
BlockRule,CargoDeny
From,Area
DataFrom,IraqArea
Str,Nss
UserDataStr,TrimIraqNss
UserData,TrimIraq
GetUserInfoCount,AshTrimSoulImply
CheckCount,TraitImply
Organic,General
IsOrganic,OnGeneral
text,Blue
GetSuccess,AshMonster
Fail,Fact
GetFail,AshFact
DEFAULT,DEFAULT
DEFAULT_TIMEOUT,DEFAULT_TIMEOUT
RETRY,RETRY
COUNT,COUNT
MAX_RETRY_COUNT,MAX_RETRY_COUNT
INTERVAL,INTERVAL
RETRY_INTERVAL,RETRY_INTERVAL
request,Utilize
Tasks,Rough
requestTasks,UtilizeRough
Net,Wed
Work,Lack
NetWorkGetList,WedLackAshRent
Post,Sash
NetWorkPostList,WedLackSashRent
URL,URL
Form,Pure
PostSuccess,SashMonster
PostFail,SashFact
target,Studio
targetImage,StudioStorm
corners,License
Offset,Radium
targetOffsetX,StudioRadiumX
targetOffsetY,StudioRadiumY
material,Quantify
currentOffsetX,BesidesRadiumX
currentOffsetY,BesidesRadiumY
shrink,Paddle
shrinkTime,PaddlePest
event,Maybe
Penetrate,Inspector
eventPenetrate,MaybeInspector
targetWidth,StudioHabit
Height,Revere
targetHeight,StudioRevere
Velocity,Engender
shrinkVelocityX,PaddleEngenderX
shrinkVelocityY,PaddleEngenderY
center,Spinal
Toast,Exalt
ToastText,ToastDrug
need,Oily
Start,Thorn
needStartRefresh,OilyThornCrystal
Tracker,Shrubby
TrackerName,ShrubbyLash
Adjust_TrackerName,Sandal_ShrubbyLash
Save,Cell
AP,AP
Save_AP,Cell_AP
NormalModeName,MatrixTallLash
Distances,Virginian
Reason,Induct
Log,Maw
StepLog,FaceMaw
App,Sea
AppSetting,SeaPavlova
_AppSetting,_SeaPavlova
SYS,SYS
PATH,PATH
CANVAS,CANVAS
SYS_PATH_CANVAS,SYS_PATH_CANVAS
UIFORMS,UIFORMS
CONFIG,CONFIG
INFO,INFO
SYS_PATH_UIFORMS_CONFIG_INFO,SYS_PATH_UIFORMS_CONFIG_INFO
TAG,TAG
SYS_TAG_CANVAS,SYS_TAG_CANVAS
NORMAL,NORMAL
NODE,NODE
SYS_NORMAL_NODE,SYS_NORMAL_NODE
FIXED,FIXED
SYS_FIXED_NODE,SYS_FIXED_NODE
POPUP,POPUP
SYS_POPUP_NODE,SYS_POPUP_NODE
TOP,TOP
SYS_TOP_NODE,SYS_TOP_NODE
SCRIPTMANAGER,SCRIPTMANAGER
SYS_SCRIPTMANAGER_NODE,SYS_SCRIPTMANAGER_NODE
UICAMERA,UICAMERA
SYS_UICAMERA_NODE,SYS_UICAMERA_NODE
on,So
onClick,onSwell
onDown,SoTale
onEnter,SoFiord
Exit,Move
onExit,SoMove
onUp,SoGo
Select,Ninety
onSelect,SoNinety
Update,Differ
onUpdateSelect,SoDifferNinety
dic,Let
Messages,Overhead
dicMessages,LetOverhead
_dicMessages,_LetOverhead
_Key,_Fun
_Values,_France
Instance,Forecast
_Instance,_Forecast
ht,On
Canvas,Ensure
Root,Fork
GoCanvasRoot,NoEnsureFork
_GoCanvasRoot,_NoEnsureFork
Tra,Tie
Scripts,Suggest
Node,Corn
TraUIScriptsNode,TieUISuggestCorn
_TraUIScriptsNode,_TieUISuggestCorn
GoToPanel,NoGoCigar
_GoToPanel,_NoGoCigar
Mask,Blue
GoMaskPanel,NoMaskCigar
_GoMaskPanel,_NoMaskCigar
UICamera,UIWeight
_UICamera,_UIWeight
Original,Sideline
Depth,Scale
OriginalUICameraDepth,SidelineUIWeightScale
_OriginalUICameraDepth,_SidelineUIWeightScale
Instatnce,Fertilize
_Instatnce,_Fertilize
Dic,Fee
Lauguage,Narrator
Cache,Thigh
DicLauguageCache,FeeNarratorThigh
_DicLauguageCache,_FeeNarratorThigh
Current,Discern
CurrentUIType,DiscernUIMuch
_CurrentUIType,_DiscernUIMuch
close,Maize
button,Africa
close_button,Maize_Africa
Main,Wire
MainCanvas,MainEnsure
Forms,Daddy
Paths,Arise
DicFormsPaths,FeeDaddyArise
_DicFormsPaths,_FeeDaddyArise
DicALLUIForms,FeeALLUIDaddy
_DicALLUIForms,_FeeALLUIDaddy
Sta,Sod
StaCurrentUIForms,SodDiscernUIDaddy
_StaCurrentUIForms,_SodDiscernUIDaddy
DicCurrentShowUIForms,FeeDiscernEvenUIDaddy
_DicCurrentShowUIForms,_FeeDiscernEvenUIDaddy
WaitUIForms,PermUIDaddy
_WaitUIForms,_PermUIDaddy
Transfrom,Shortness
TraCanvasTransfrom,TieEnsureShortness
_TraCanvasTransfrom,_TieEnsureShortness
TraNormal,TieMatrix
_TraNormal,_TieMatrix
Fixed,Peace
TraFixed,TiePeace
_TraFixed,_TiePeace
Pop,Rob
TraPopUp,TieRobGo
_TraPopUp,_TieRobGo
_Top,_Net
TraUIScripts,TieUISuggest
_TraUIScripts,_TieUISuggest
TraUICamera,TieUIWeight
_TraUICamera,_TieUIWeight
PanelName,CigarLash
PanelNameList,CigarLashRent
uiFormName,OrPureLash
Params,Demise
uiFormParams,OrPureDemise
Clear,Breed
Reverse,Explore
IsClearReverseChange,OnBreedExploreFeeble
mask,Soul
mypageview,Attachment
pos,Net
posList,posRent
Drag,Bony
isDrag,GoDrag
stop,Roof
stopMove,RoofMime
Horizontal,Circumvent
targetHorizontal,StudioCircumvent
start,Prize
startDragHorizontal,PrizeBonyCircumvent
smooting,Inedible
sensitivity,Lithography
Page,Dike
OnPageChange,OrDikeFeeble
currentPageIndex,BesidesDikeSwing
Cell,Bird
itemCell,WideBird
scroll,Barely
Rect,Fern
scrollRect,BarelyFern
content,Society
spacing,Eyeball
totalWidth,PylonHabit
totalHeight,PylonRevere
visible,Phoenix
visibleCount,PhoenixImply
Clac,Boon
isClac,GoBoon
startIndex,PrizeSwing
last,Sect
lastIndex,SectSwing
itemHeight,WideRevere
itemList,WideRent
visibleList,PhoenixRent
all,Jar
allList,JarRent
IsPause,OnBeach
Volmue,Impart
EffectVolmue,ButtonImpart
Frames,Insult
Ignore,Writhe
IgnoreTimeScale,WrithePestCease
currentCount,BesidesImply
_currentCount,_BesidesImply
currentRevenue,BesidesNothing
_currentRevenue,_BesidesNothing
Counter,Passive
lastPlayTimeCounter,SectNormPestPassive
counter,Chinese
counter101,Chinese101
counter102,Chinese102
counter103,Chinese103
pause,Spawn
pauseTimeInterstitial,SpawnPestUnacceptable
Package,Neonate
PackageName,PackageLash
Request,Capsize
RequestId,CapsizeAt
Headers,Lifeway
OnSuccess,OrMonster
OnFail,OrFact
Retry,Fluke
RetryCount,FlukeImply
Timeout,Central
Running,Gallery
IsRunning,OnGallery
Web,See
WebRequest,SeeCapsize
Raw,Wee
RawData,WeeIraq
GetNetWorkGetListCount,AshWedLackAshRentImply
GetNetWorkPostListCount,AshWedLackSashRentImply
DataCount,IraqImply
LineHeight,JazzRevere
SetBounce,GelBackup
Return,Symbol
ReturnToPool,SymbolGoBias
ClearState,BreedRanch
By,Dy
Weight,Rotate
GetRewardMultiByWeight,AshUnlessFinchDyRotate
Tip,But
RewardTip,UnlessBut
SpineStep,DouseFace
SpineStep1,DouseFace1
SpineStep2,DouseFace2
SpineStep3,DouseFace3
ClearWaitBorn,BreedPermFray
Reset,Swiss
ResetMulti,SwissFinch
Through,Testify
PassThrough,ChopTestify
End,Pul
PassSpineAnimEnd,ChopDouseShoePul
FeverSpinSwitch,WhaleLowaPorous
BornBall,FrayHole
SetBuff,GelDose
SetBuff_Length,GelDose_Injury
SetBuff_Stop,GelDose_Akin
ChangeLength,FeebleInjury
And,Sky
ReturnBallAndBornNew,SymbolHoleSkyFrayOat
PlayRefreshEffect,NormCrystalButton
GetItemType,AshHomeMuch
GetReward,AshUnless
Explode,Cleaner
BombExplode,RoamCleaner
ShowBombRange,EvenRoamLease
Split,Novel
Move_Line,Mime_Jazz
Move_Rotate,Mime_Assess
StartMove,ThornMime
StopMove,AkinMime
Continue,Sewerage
ContinueSlot,SewerageLove
When,Ploy
WhenFeverEnd,PloyWhalePul
ContinueSlot_WhenFeverEnd,SewerageLove_PloyWhalePul
SetWaitToTriggerNumText,GelPermGoCompostBuyDrug
StartSlot,ThornLove
SetSlotIcon,GelLoveDarn
Col,Rot
Scroll,Poster
RealColScrollAnim,DragRotPosterShoe
FakeColScrollAnim,GobiRotPosterShoe
GetWinIndexByWeight,AshDaySwingDyRotate
GetSlotDataByIndex,AshLoveIraqDySwing
SlotFinish,LoveFright
PopShow,RobEven
PopHide,RobDeep
ChangeNumber,FeebleGlassy
ChangeNumberTMP,FeebleGlassyTMP
ChangeNumberTMPS,FeebleGlassyTMPS
Best,July
GoldMoveBest,AiryMimeJuly
HorizontalScroll,CircumventPoster
GetGoldAnim,AshAiryShoe
GetGoldTextAnim,AshAiryDrugShoe
GetDiamondTextAnim,AshMagentaDrugShoe
Many,Soon
GetManyGoldAnim,AshSoonAiryShoe
GetManyDiamondAnim,AshSoonMagentaShoe
GetManyBallAnim,AshSoonHoleShoe
Print,Loyal
Merge,Giant
get,Sap
getCameraWidth,SapWeightHabit
getCameraHeight,SapWeightRevere
World,Focus
Point,Scene
getWorldPoint,SapFocusScene
Nearest,Preside
GetNearestGameObject,AshPresideRoomRender
PointToAngle,SceneGoDecor
Angle180To360,Decor180Go360
Unity,Death
Direction,Decompose
GetUnityDirection,AshDeathDecompose
Texture,Unknown
True,Silt
getTextureTrueSize,SapUnknownSiltWish
getSpriteSize,SapDriverWish
Touch,Genre
Position,Narrowly
getTouchPosition,SapGenreNarrowly
getWeightIndex,SapRotateSwing
Random,Battle
Sequence,Thorough
GetRandomSequence,AshBattleThorough
Dictionary,Maturation
StringToDictionary,UnlikeGoMaturation
DictionaryToString,MaturationGoUnlike
Day,Bid
Diff,Vent
DayDateDiff,BidLiraVent
Sec,Gel
SecDateDiff,SecLiraVent
DateDiff,LiraVent
At,So
GetPosAtText,AshTwoAtDrug
Distance,Carnival
Area,Plus
DistanceByArea,CarnivalDyPlus
Encrypt,Treetop
EncryptDES,TreetopDES
Decrypt,Subsist
DecryptDES,SubsistDES
Draw,Post
Vertical,Enforcer
DrawVertical,DrawEnforcer
DrawHorizontal,PostCircumvent
Process,Version
Vertices,Locomote
ProcessVertices,VersionLocomote
_ProcessVertices,_VersionLocomote
SetNewPosAndUV,GelOatTwoSkyUV
_SetNewPosAndUV,_GelOatTwoSkyUV
Min,Kit
_Min,_Kit
_Max,_Him
DelayIE,NovelIE
With,Solo
WithPause,SoloBeach
Delay_WithPause,Novel_SoloBeach
DelayIE_WithPause,NovelIE_SoloBeach
Repeat,Minute
Repeat_WithPause,Minute_SoloBeach
Coroutine,Steamboat
RepeatCoroutine,MinuteSteamboat
StopDelay,AkinNovel
Offline,Restful
GetOfflineTime,AshRestfulPest
Unix,Hair
Stamp,Lover
GetUnixTimeStamp,AshHairPestLover
Online,Namely
UpdateLastOnlineTime,DifferHostNamelyPest
game,Tire
gameInit,TireWine
ShowInfo,EvenSoul
ShowReward,EvenUnless
Active,Patent
CheckActiveBall,TraitPatentHole
BornTopBall,FrayNetHole
FireBall,MainHole
LockAdd,PostPit
ItemsDefaultInit,HumorIgneousWine
Record,Harden
RecordSpecialItem,HardenReleaseHome
ResetSpecialItem,SwissReleaseHome
TimeCount,PestImply
GetTypeNumInItems,AshMuchBuyAnHumor
Ctrl,Ford
SideUI_Ctrl,LieuUI_Ford
AddItemCoin,PitHomeCape
AddCoins,PitPlumb
CountCash,ImplyMoth
CountCoin,ImplyCape
AddItemDiamond,PitHomeMagenta
Diamonds,Monarchy
AddDiamonds,PitMonarchy
AddItemRewardInFeverMode,PitHomeUnlessAnWhaleTall
TempAddMoney,SaltPitSteep
TempAddDiamond,SaltPitMagenta
GamePause,RoomBeach
UnGamePause,MyRoomBeach
ClickAndDropBall,SwellSkySwimHole
DropBall,SwimHole
MouseUp,BlissGo
AddBall,PitHole
AddBall_Offline,PitHole_Restful
FeverAdd,WhalePit
EnterFeverMode,FiordWhaleTall
FeverModeTimeCount,WhaleTallPestImply
LineMove,JazzMime
FeverChestAdd,WhaleAnglePit
LightAnim,PlaceShoe
BlockHoleAdd,CargoMuchPit
CloseBlockHoleReward,WispyCargoMuchUnless
BlockWallAnim,CargoSoupShoe
TriggerSlot,CompostLove
CollectAdd,MethanePit
ResetCollectCount,SwissMethaneImply
Become,Useful
BecomeBounce,UsefulBackup
Ball_BecomeBounce,Hole_UsefulBackup
Rock,Thai
RockBecomeGold,ThaiUsefulAiry
Item_RockBecomeGold,Home_ThaiUsefulAiry
BecomeBomb,UsefulRoam
Item_BecomeBomb,Home_UsefulRoam
BecomeSplit,UsefulNovel
Item_BecomeSplit,Home_UsefulNovel
Item_BecomeBounce,Home_UsefulBackup
BecomeDiamond,UsefulMagenta
Item_BecomeDiamond,Home_UsefulMagenta
BecomeBigDiamond,UsefulBatMagenta
Item_BecomeBigDiamond,Home_UsefulBatMagenta
SlotFlyEffect,LoveBoyButton
FallBall,TopiHole
BlockHoleOrDoubleMachine,CargoMuchByEnzymeSymptom
SetBuff_BlockHoleOrDoubleMachine,GelDose_CargoMuchByEnzymeSymptom
Guide1,React1
Guide2,React2
Guide3,React3
Guide4,React4
Guide5,React5
Guide6,React6
Guide7,React7
Event1,Newly1
Event2,Newly2
ShowMask,EvenBlue
ShowMask_Local,EvenBlue_Round
ShowHand,EvenAlso
HandAnim,AlsoShoe
InfoMove,SoulMime
ShowNextBtn,EvenPostPig
isNewUser,GoOatTrim
getSlotMultiIndex,SapLoveFinchSwing
play,Amid
playSlot,AmidLove
light,React
lightStart,lightThorn
closePanel,MaizeCigar
Send,Vast
GetRewardAndSendEventAndClose,AshUnlessSkyVastNewlySkyWispy
AdIndex,ToSwing
Get9007AdIndex,Ash9007ToSwing
init,Bind
initMulti,BindFinch
slot,Play
GetRewardByWeight,AshUnlessDyRotate
PointerAnim,VarnishShoe
Create,Seabed
CreateAudioSource,SeabedGroupSpinal
Component,Katherine
GetAudioComponent,AshGroupKatherine
ResetAudioSource,SwissGroupSpinal
Use,Roe
UnUseAudioComponent,MyRoeGroupKatherine
set,Kea
Bgm,God
One,Jet
setBgmCloseOneTime,KeaGodWispyJetPest
Replace,Collect
setBgmReplaceOneTime,KeaGodCollectJetPest
CheckUnUseAudioComponent,TraitMyRoeGroupKatherine
SetAllEffectVolume,GelTowButtonUnique
PlayBgBase,NormHeSake
PlayEffectBase,NormButtonSake
PlayLoopEffectBase,NormWareButtonSake
StopLoopEffectBase,AkinWareButtonSake
getVolume,SapUnique
PlayBg,NormHe
PlayEffect,NormButton
PlayLoopEffect,NormWareButton
StopLoopEffect,AkinWareButton
PlayVibrate,NormTraffic
Load,Four
Do,No
DoUpdate,DoDiffer
Anchor,Victim
SetAnchor,GelVictim
Pivot,Weird
SetPivot,GelWeird
layout,Social
layoutAction,SocialMutual
AdjustInit,SandalWine
SaveAdjustAdid,CellSandalSpew
GetAdjustAdid,AshSandalSpew
Status,Accord
GetAdjustStatus,AshSandalAccord
InitAdjustData,WineSandalIraq
Act,The
AddActCount,PitActImply
AddAdCount,PitToImply
LoadAdjustOnAct,FourSandalOrThe
ResetActCount,SwissTheImply
GetAdjustTime,AshSandalPest
CheckAndResetAdCount,TraitSkySwissToImply
setAdjustAdid,KeaSandalSpew
Initialize,Sturdiness
Rewarded,Seasonal
Ads,Car
InitializeRewardedAds,SturdinessSeasonalCar
LoadRewardedAd,FourSeasonalTo
LoadInterstitial,FourUnacceptable
Video,Rebel
playRewardVideo,AmidUnlessRebel
playInterstitialAd,AmidUnacceptableTo
playInterstitial,AmidUnacceptable
Method,Pawnee
RepeatMethod,MinutePawnee
No,To
Thanks,Assert
NoThanksAddCount,NoAssertPitImply
PauseTimeInterstitial,BeachPestUnacceptable
Resume,Change
ResumeTimeInterstitial,ChangePestUnacceptable
Trial,Awful
UpdateTrialNum,DifferAwfulBuy
Register,Narrowly
Callback,Distance
RegisterPlayCallback,RegisterNormDistance
After,Humor
AfterAdPlaySuccess,AfterToNormMonster
GetTotalAdNum,AshPrideToBuy
Pin,Fen
Market,Indium
OpenAPPinMarket,AnewAPPinIndium
Remove,Chorus
Country,Violent
getCountry,SapViolent
GetConfigData,AshWinterIraq
Loaction,National
GetLoactionData,AshNationalIraq
SetConfigData,GelWinterIraq
Ready,Lapis
GameReady,RoomLapis
SendAdjustAdid,VastSandalSpew
GetUserInfo,AshTrimSoul
Re,Go
ReGetUserInfo,ReAshTrimSoul
CheckAdjustNetwork,TraitSandalOrleans
auto,Amid
autoMessage,autoBoxlike
Para,Goat
SendNoParaEvent,VastToGoatNewly
send,Foul
Progress,Populous
sendGameProgress,FoulRoomPopulous
SendEvent,VastNewly
SendPost,VastSash
end,Boy
endRequest,endCapsize
Http,Bead
HttpGet,HttpAsh
HttpPost,BeadSash
Json,Mute
HttpPostJson,BeadSashMute
ProcessRequest,VersionCapsize
CreateWebRequest,SeabedSeeCapsize
Cleanup,Arousal
CleanupRequest,ArousalCapsize
Cancel,Lichen
CancelRequest,LichenCapsize
Requests,Simplify
CancelAllRequests,LichenTowSimplify
SetTargetImage,GelAthensStorm
ShowGuide,EvenReact
WorldToCanvasPos,FocusGoEnsureTwo
Animation,Visualize
HandAnimation,AlsoVisualize
GetInstance,AshForecast
autoCloseToast,AmidWispyExalt
ShowToast,EvenExalt
Content,Quarter
setContentLayout,KeaQuarterInvade
Apple,Daily
IsApple,OnDaily
CheckOnlineData,TraitNamelyIraq
GetDistance,AshCarnival
Android,Bizarre
AndroidBlockCheck,BizarreCargoTrait
Editor,Vacant
IsEditor,OnVacant
Portrait,Goldfish
IsPortrait,OnGoldfish
LocalPoint,RoundScene
Screen,Sprawl
ScreenPoint,SprawlScene
LocalPoint2ScreenPoint,RoundScene2SprawlScene
ScreenPoint2LocalPoint,SprawlScene2RoundScene
Of,By
GetWorldPositionOfRectTransform,AshFocusNarrowlyOfFernFolkloric
GetTimestamp,AshTellurium
Format,Spinet
DateTimeFormat,LiraPestSpinet
Seconds,Pattern
SecondsToDateTime,PatternGoLiraPest
SecondsFormat,PatternSpinet
SecondsFormat2,PatternSpinet2
DoubleToStr,EnzymeGoNss
Round,Found
GetWeightRandom,AshRotateBattle
GetWeightRandomIndex,AshRotateBattleSwing
Chance,Primer
InChance,AnPrimer
Shuffle,Imitate
Array,Green
ShuffleArray,ImitateGreen
GetAppSettingMaxNumber,AshSeaPavlovaHimGlassy
Analysis,Artistry
InitAndAnalysisJson,WineSkyArtistryMute
Msg,Rim
Listener,Inherent
AddMsgListener,PitRimInherent
RemoveMsgListener,ChorusRimInherent
ClearAllMsgListener,BreedTowRimInherent
SendMessage,VastBoxlike
Asset,Dozen
LoadAsset,FourDozen
SetMaskWindow,GelBlueIncise
HideMaskWindow,DeepBlueIncise
CancelMaskWindow,LichenBlueIncise
Find,Thai
The,Nor
Child,Modal
FindTheChildNode,FindNorModalCorn
GetTheChildNodeComponentScripts,AshNorModalCornKatherineSuggest
AddChildNodeComponent,PitModalCornKatherine
AddChildNodeToParentNode,PitModalCornGoBelugaCorn
ShowText,EvenDrug
InitLauguageCache,WineNarratorThigh
FindChildAddComponent,ThaiModalPitKatherine
Freeze,Latter
Rigister,Claimant
RigisterButtonObjectEvent,ClaimantOutcryRenderNewly
OpenUIForm,AnewUIPure
CloseUIForm,WispyUIPure
Receive,Overrun
ReceiveMessage,OverrunBoxlike
AddPanel,PitCigar
Sub,Ear
SubPanel,EarCigar
Loading,Methane
InitRootCanvasLoading,WineForkEnsureLoading
ShowUIForms,EvenUIDaddy
CloseOrReturnUIForms,WispyBySymbolUIDaddy
ShowNextPopUp,EvenPostRobGo
ClearWaitUIForms,BreedPermUIDaddy
Catch,Canoe
LoadFormsToALLUIFormsCatch,FourDaddyGoALLUIDaddyCanoe
LoadUIForm,FourUIPure
EnterUIFormsCache,FiordUIDaddyThigh
ExitUIFormsCache,MoveUIDaddyThigh
Formst,Resale
Other,Infer
EnterUIFormstToCacheHideOther,FiordUIResaleGoThighDeepInfer
EnterUIFormsCacheWaitClose,FiordUIDaddyThighPermWispy
ExitUIFormsFromCacheAndShowOther,MoveUIDaddyAreaThighSkyEvenInfer
Push,Fate
PushUIForms,FateUIDaddy
PopUIForms,RobUIDaddy
InitUIFormsPathsData,WineUIDaddyAriseIraq
InitCamera,WineWeight
Stack,Annex
ClearStackArray,BreedAnnexGreen
GetCurrentFormStack,AshDiscernPureAnnex
GetPanelByName,AshCigarDyLash
Opening,Surface
Panels,Unseen
GetOpeningPanels,AshSurfaceUnseen
pagechange,Serigraphy
SetPageIndex,GelDikeSwing
SetData,GelIraq
UpdateItem,DifferHome
PopItem,RobHome
PushItem,FateHome
AddItem,PitHome
Collector,Circulate
DropBallGame,SwimHoleRoom
DropBallGame_Ball,SwimHoleRoom_Hole
ItemLineMove,HomeJazzMime
LittleSlot,EntombLove
Controller,Conformity
AnimationController,VisualizeConformity
CustomPrint,DragonLoyal
Dictionaries,Authenticity
MergeDictionaries,GiantAuthenticity
System,Powder
GetSystemData,AshPowderIraq
Gradient,Landslip
Color,Rayon
GradientColor,LandslipRayon
TextOutline,DrugBenefit
TimeManager,PestGrecian
MainManager,WireGrecian
BigWinPanel,BatDayCigar
BlockPanel,CargoCigar
Buy,Rat
BuyBallPanel,RatHoleCigar
CollectRewardPanel,MethaneUnlessCigar
DropBallGamePanel,SwimHoleRoomCigar
DropBallRewardPanel,SwimHoleUnlessCigar
GamePanel,RoomCigar
Jackpot,Surmise
JackpotPanel,SurmiseCigar
Complete,Minstrel
LevelCompletePanel,ParisMinstrelCigar
LoadingPanel,MethaneCigar
Us,Up
RateUsPanel,OnlyUpCigar
RewardPanel,UnlessCigar
SettingPanel,PavlovaCigar
SlotGroup,LoveExalt
WheelPanel,TingeCigar
Model,Rider
AudioModel,GroupRider
AudioSourceQueue,GroupSpinalMercy
MusicMgr,ShootHue
Resources,Embroider
MusicResourcesMgr,ShootEmbroiderHue
MusicType,ShootMuch
SaveDataManager,CellIraqGrecian
Animator,Notebook
FrameAnimator,GuildNotebook
Archor,Shovel
Tool,Sour
ArchorTool,ShovelSour
AutoLayout,LinkInvade
AdjustInitManager,SandalWineGrecian
ADManager,ADGrecian
CustomData,DragonIraq
Ad_CustomData,To_DragonIraq
RateUsManager,OnlyUpGrecian
Logic,Voice
MessageCenterLogic,BoxlikeStenchVoice
MessageData,BoxlikeIraq
CConfig,CWinter
NetInfoMgr,WedSoulHue
Script,Broker
PostEventScript,SashNewlyBroker
NetWorkGetObject,WedLackAshRender
NetWorkManager,WedLackGrecian
Task,Gild
RequestTask,CapsizeGild
NetWorkPostObject,WedLackSashRender
Guidance,Sargeant
GuidanceEventPenetrate,SargeantNewlyInspector
NewUserGuidePanel,OatTrimReactCigar
RectGuideMask,FernReactBlue
Mono,Obey
Singleton,Substrate
MonoSingleton,ObeySubstrate
ToastManager,ExaltGrecian
View,Pass
ScrollViewContentLayout,PosterPassQuarterInvade
Common,Column
Util,Stud
CommonUtil,ColumnStud
DateUtil,LiraStud
NumberUtil,GlassyStud
RandomUtil,BattleStud
StringUtil,UnlikeStud
ConfigManagerByJson,WinterGrecianDyMute
KeyValuesInfo,FunFranceSoul
KeyValuesNode,FunFranceCorn
Sys,Cup
Define,Borrow
SysDefine,CupBorrow
EventTriggerListener,NewlyCompostInherent
MessageCenter,BoxlikeStench
KeyValuesUpdate,FunFranceDiffer
Anlysis,Gaseous
Exception,Spectator
JsonAnlysisException,MuteGaseousSpectator
ResourcesMgr,EmbroiderHue
UIMaskMgr,UIBlueHue
Helper,Valley
UnityHelper,DeathValley
LauguageMgr,NarratorHue
BaseUIForms,SakeUIDaddy
UIManager,UIGrecian
UIFormParams,UIPureDemise
UIType,UIMuch
Control,Happily
MaskControl,BlueHappily
PageView,DikePass
ScrollView,PosterPass
ScrollViewItem,PosterPassHome
bu,Dy
gzxxu,Gypsy
xx,He
d,d
152959bu2gzxxu2xx7227d,152959Dy2Gypsy2He7227d
u,u
qmg,Tax
aay,Bow
h,h
o,o
153000u11qmg16aay4h4o1,153000u11Tax16Bow4h4o1
f,f
fb,No
c,c
b,b
17f06fb9-c14f-483f-808b-f78568629f93,17f06No9-c14f-483f-808b-f78568629f93
bei,Hit
2bei,2Hit
a,a
e,e
da,If
bee,Buy
acbf,Joke
522a2c3f-e683-430e-93da-bee499c8acbf,522a2c3f-e683-430e-93If-Buy499c8Joke
eb,Ax
bf,Or
b5eb8d25-6d92-44fb-856f-bf55a8945f03,b5Ax8d25-6d92-44No-856f-Or55a8945f03
baodian,Stylish
baodian_1005,Stylish_1005
circle,Keenly
circle3,Keenly3
coins,Build
coins1,Build1
Coin_16,Cape_16
Coin_16_00000,Cape_16_00000
c_7,c_7
card,Move
off,Say
Daily_card_off_00000,Strip_Move_Say_00000
Eff,Set
Glow,Salt
Eff_Glow_37,Set_Salt_37
electric,Helpless
vertical,Engineer
electric_vertical01,Helpless_Engineer01
Energy,Permit
Trail,Screw
EnergyTrail,PermitScrew
e_2_00000,e_2_00000
flare,Gland
flare_2011,Gland_2011
Flash,Other
lighe,Metal
Flash_lighe_b,Other_Metal_b
fx,By
particle,Datebase
fx_light_particle_a,By_React_Datebase_a
trail,Truck
fx_trail_1 (27),By_Truck_1 (27)
fzj,Don
Theme,Shore
tex,Sea
fzj_Theme_10113_tex_07,Don_Shore_10113_Sea_07
Gem,Cup
Blue,Home
l,l
Gem_Blue_l,Cup_Home_l
Gerrn,Virgo
big,Fox
g,g
Gem_Gerrn_big_on_g,Cup_Virgo_Fox_So_g
Yellow,Dragon
js,Ax
Gem_Yellow_js,Cup_Dragon_Ax
glow,Cate
glow6,Cate6
sphere,Mandan
glow_sphere,Cate_Mandan
h_177,h_177
jianbian,Medieval
julongguang,Personality
lightning,Essential
spritesheet,Coppersmith
x,x
lightning_spritesheet_3x3,Essential_Coppersmith_3x3
mz,Up
mz_2,Up_2
quan,Bill
quan_00,Bill_00
Spot,Soil
SpotLight,SoilPlace
ww,Dy
yun,Hot
ww_10109_tex03_yun 2,Dy_10109_Sea03_Hot 2
ww_Theme_10109_tex_13,Dy_Shore_10109_Sea_13
xxa,Ski
yuandandian,Philosophic
云,云
烟雾,烟雾
baoshi,Warmer
baoshi_1,Warmer_1
di,My
baoshi_di,Warmer_My
baoshi_di_1,Warmer_My_1
kuang,Clear
be,ID
dfd,Flu
aac,Hot
9be829e721b4dfd65b06aac6d374b32c,9ID829e721b4Flu65b06Hot6d374b32c
baoshi_2,Warmer_2
bg_1,It_1
GET,GET
GET_1,GET_1
grand,Rigor
jiesuank,Wildlife
jiesuank_1,Wildlife_1
jiesuank_2,Wildlife_2
jinbi,Fiber
minor,Chain
prize,Vivid
UI,UI
Green,Dodge
UI_Btn_Green_1,UI_Pig_Dodge_1
TV,TV
UI_TV,UI_TV
yingbi,Poetic
ed,ID
db,At
9c9963d6020ed2f4db634075162f6c09,9c9963d6020ID2f4At634075162f6c09
ball,Feud
ball_1,Feud_1
baoxiang,Diameter
baoxiang_1,Diameter_1
baoxiang_2,Diameter_2
baoxiang_3,Diameter_3
bian,Exam
boom,Mail
boom_1,Mail_1
boom_2,Mail_2
boom_3,Mail_3
boom_4,Mail_4
boom_5,Mail_5
dianchi,Amnesia
dianchi_1,Amnesia_1
fenlie,Gentle
jindu_di,Horde_My
Gamepanel,Happiness
UI_Gamepanel_1,UI_Happiness_1
UI_Gamepanel_1_0,UI_Happiness_1_0
UI_Gamepanel_1_1,UI_Happiness_1_1
UI_Gamepanel_1_1_0,UI_Happiness_1_1_0
Air,Wax
AirWall,WaxSoup
UI_Gamepanel_AirWall,UI_Happiness_WaxSoup
BG,BG
UI_Gamepanel_BG,UI_Happiness_BG
UI_Gamepanel_BG_0,UI_Happiness_BG_0
UI_Gamepanel_BG_1,UI_Happiness_BG_1
UI_Gamepanel_BG_1_1,UI_Happiness_BG_1_1
UI_Gamepanel_BG_2,UI_Happiness_BG_2
UI_Gamepanel_BG_3,UI_Happiness_BG_3
UI_Gamepanel_BG_3_1,UI_Happiness_BG_3_1
UI_Gamepanel_BG_4,UI_Happiness_BG_4
UI_Gamepanel_BG_4_1,UI_Happiness_BG_4_1
UI_Gamepanel_BG_4_2,UI_Happiness_BG_4_2
UI_Gamepanel_BG_4_3,UI_Happiness_BG_4_3
UI_Gamepanel_BG_4_4,UI_Happiness_BG_4_4
UI_Gamepanel_BG_4_5,UI_Happiness_BG_4_5
UI_Gamepanel_Cash,UI_Happiness_Moth
Elasticity,Needlelike
ElasticityWall,NeedlelikeSoup
UI_Gamepanel_ElasticityWall,UI_Happiness_NeedlelikeSoup
UI_Gamepanel_Gem_1,UI_Happiness_Cup_1
UI_Gamepanel_Gem_2,UI_Happiness_Cup_2
UI_Gamepanel_Hole,UI_Happiness_Much
UI_Gamepanel_Hole_1,UI_Happiness_Much_1
UI_Gamepanel_Hole_2,UI_Happiness_Much_2
UI_Gamepanel_Num,UI_Happiness_Buy
Score,Flour
Bar,Arm
ScoreBar,FlourArm
UI_Gamepanel_ScoreBar,UI_Happiness_FlourArm
UI_Gamepanel_ScoreBar_1,UI_Happiness_FlourArm_1
UI_Gamepanel_ScoreBar_2,UI_Happiness_FlourArm_2
UI_Gamepanel_ScoreBar_3,UI_Happiness_FlourArm_3
UI_Gamepanel_ScoreBar_4,UI_Happiness_FlourArm_4
UI_Gamepanel_ScoreBar_5,UI_Happiness_FlourArm_5
SettingBtn,PavlovaPig
UI_Gamepanel_SettingBtn,UI_Happiness_PavlovaPig
TopBar,NetArm
UI_Gamepanel_TopBar,UI_Happiness_NetArm
Barlong,Depress
TopBarlong,NetDepress
UI_Gamepanel_TopBarlong,UI_Happiness_NetDepress
UI_Gamepanel_Wall,UI_Happiness_Soup
UI_Gamepanel_x10,UI_Happiness_x10
wenan,Chunk
wenan_1,Chunk_1
wenan_1_bg,Chunk_1_It
jd,Dy
x_jd_di,x_Dy_My
x_jd_di_1,x_Dy_My_1
x_jd_di_2,x_Dy_My_2
17,17
LOGO,LOGO
bianhua,Impress
kuozhan,Prevail
kuozhan_1,Prevail_1
kuozhan_2,Prevail_2
kuozhan_3,Prevail_3
qipao,Linen
qiushu,Sponge
qiushu_1,Sponge_1
qiushu_2,Sponge_2
qiushu_3,Sponge_3
tanliqiu,Facelift
xiugai,Listen
zhadan,Unsung
zhuzi,Shade
UI_AddBall_BG,UI_PitHole_BG
More,Rope
MoreBall,RopeHole
UI_AddBall_MoreBall_1,UI_PitHole_RopeHole_1
BigWin,BatDay
UI_BigWin_Big,UI_BatDay_Bat
UI_BigWin_Light,UI_BatDay_Place
Pink,Gush
UI_BigWin_Pink,UI_BatDay_Gush
Scoreboard,Perceptual
UI_BigWin_Scoreboard,UI_BatDay_Perceptual
Shine,Epoch
UI_BigWin_Shine,UI_BatDay_Epoch
UI_BigWin_Win,UI_BatDay_Day
huizhang,Starlike
jiangli,Longing
jiangli_1,Longing_1
jiangli_2,Longing_2
qiudui,Behalf
Congratulations,Experimentation
UI_Congratulations,UI_Experimentation
UI_Congratulations_BG,UI_Experimentation_BG
UI_Congratulations_Light,UI_Experimentation_Place
wenan_2,Chunk_2
anniu,Bread
get2,Sap2
get3,Sap3
po,ID
Red,Lie
UI_Btn_Red,UI_Pig_Lie
UI_Close_Btn,UI_Wispy_Pig
UI_Coin,UI_Cape
Golds,Onset
UI_Golds,UI_Onset
UI_Light,UI_Place
UI_Stars,UI_Punch
wenzi,Maybe
Please,Fierce
rate,Rote
us,No
and,Lap
help,Anti
better,Extend
Please rate us and help us get better,Fierce Rote No Lap Anti No Sap Extend
RateUS,OnlyUS
UI_RateUS_BG,UI_OnlyUS_BG
UI_RateUS_Stars_Black,UI_OnlyUS_Punch_Round
UI_RateUS_Stars_Light,UI_OnlyUS_Punch_Place
1,1
2.0.1,2.0.1
2,2
3,3
Policy,Formal
Privacy Policy,Passage Formal
UI_Setting_BG,UI_Pavlova_BG
OFF,OFF
UI_Setting_OFF,UI_Pavlova_OFF
ON,ON
UI_Setting_ON,UI_Pavlova_ON
jinbi_3,Fiber_3
lvbi,Gist
lvbi_3,Gist_3
qiu,Set
qiu_3,Set_3
Turntable,Workforce
UI_Turntable_Center,UI_Workforce_Stench
UI_Turntable_Gold,UI_Workforce_Airy
inner,Toxic
Ring,Eddy
innerRing,ToxicEddy
UI_Turntable_innerRing,UI_Workforce_ToxicEddy
Outer,Kiosk
OuterRing,KioskEddy
UI_Turntable_OuterRing,UI_Workforce_KioskEddy
UI_Turntable_Pointer,UI_Workforce_Varnish
UI_Turntable_Shine,UI_Workforce_Epoch
waikuang,Northern
Wow,Dam
UI_Wow,UI_Dam
UI_Wow_BG,UI_Dam_BG
UI_Wow_Light,UI_Dam_Place
Slots,Climb
SlotsLight,ClimbPlace
SlotsLight_bg,ClimbPlace_It
SlotsLight_off,ClimbPlace_Say
SlotsLight_on,ClimbPlace_So
frame,Calve
Slots_frame,Climb_Calve
main,Book
Slots_main,Climb_Book
三角,三角
五边形,五边形
图层 877,图层 877
圆,圆
大转盘,大转盘
正方形,正方形
炸弹2,炸弹2
皮球,皮球
石头,石头
裂变方案,裂变方案
金币,金币
Tile,Pile
Fish,Tent
TileFishIcon,PileTentDarn
btn,Eka
btn_01,Eka_01
btn_02,Eka_02
huodongjiemian,Counterbalance
huodongjiemian_04,Counterbalance_04
huodongjiemian_04_1,Counterbalance_04_1
huodongjiemian_04_2,Counterbalance_04_2
huodongjiemian_04_3,Counterbalance_04_3
itemgroup,Overprint
diamond,Observe
item_diamond,Wide_Observe
gold,Lead
item_gold,Wide_Lead
goldleaf,Downtown
item_goldleaf,Wide_Downtown
health,Orange
item_health,Wide_Orange
remove,Nevada
item_remove_ad,Wide_NevSoa_So
skill,Alone
item_skill_01,Wide_Alone_01
item_skill_02,Wide_Alone_02
item_skill_03,Wide_Alone_03
item_skill_04,Wide_Alone_04
item_skill_05,Wide_Alone_05
item_star,Wide_Food
line,Well
line_btn,Well_Eka
Lvbis,Harsh
bg_02,It_02
board,Infer
bg_board,It_Infer
bg_bottom,It_Spread
huodongjiemian_01,Counterbalance_01
huodongjiemian_10,Counterbalance_10
huodongjiemian_11,Counterbalance_11
huodongjiemian_12,Counterbalance_12
huodongjiemian_12_1,Counterbalance_12_1
huodongjiemian_12_3,Counterbalance_12_3
huodongjiemian_12_4,Counterbalance_12_4
huodongjiemian_13,Counterbalance_13
Gift,Gist
DailyGift,StripGist
UI_DailyGift,UI_StripGist
bg_01,It_01
clock,Japan
clock_01,Japan_01
clock_02,Japan_02
huodongdakuang,Superorganisms
huodongdakuang1,Superorganisms1
huodongdakuang2,Superorganisms2
huodongdakuang3,Superorganisms3
huodongjiemian_15,Counterbalance_15
lock,Real
Endless,Oakland
UI_Endless_Icon,UI_Oakland_Darn
unlock,Awaken
Circle,Acidic
Circle01,Acidic01
Circle03,Acidic03
Effects_Circle,Fiction_Acidic
Effects_Glow,Fiction_Salt
GlowCircle,SaltAcidic
Effects_GlowCircle,Fiction_SaltAcidic
Ray,Van
Ray01,Van01
Star,Gibe
Star01,Gibe01
Fx,Ax
FxGoldIcon,AxAiryDarn
UI_FxGoldIcon,UI_AxAiryDarn
home,Prod
home_btn_05,Prod_Eka_05
robox,Begin
AmazonIcon,RatifyDarn
UI_AmazonIcon,UI_RatifyDarn
BtnBlue,PigHome
UI_BtnBlue,UI_PigHome
BtnGreen,PigDodge
UI_BtnGreen,UI_PigDodge
CashOutBG,MothDewBG
UI_CashOutBG,UI_MothDewBG
Home,Less
Con,Sew
HomeCashICon,LessMothISew
UI_HomeCashICon,UI_LessMothISew
HomeGoldIcon,LessAiryDarn
UI_HomeGoldIcon,UI_LessAiryDarn
UI_Progress,UI_Populous
ProgressBG,PopulousBG
UI_ProgressBG,UI_PopulousBG
TopBarBG,NetArmBG
UI_TopBarBG,UI_NetArmBG
PopBG,RobBG
UI_PopBG,UI_RobBG
UI_PopBG_1,UI_RobBG_1
loading,Caribou
loadingBG,CaribouBG
UI_loadingBG,UI_CaribouBG
LoadingIcon,MethaneDarn
UI_LoadingIcon,UI_MethaneDarn
LoadingProgress,MethanePopulous
UI_LoadingProgress,UI_MethanePopulous
LoadingProgressBG,MethanePopulousBG
UI_LoadingProgressBG,UI_MethanePopulousBG
UI_Hand,UI_Also
Ani,Own
UI_Hand_Ani_1,UI_Also_Own_1
UI_Hand_Ani_2,UI_Also_Own_2
UI_Hand_Ani_3,UI_Also_Own_3
UI_Hand_Ani_4,UI_Also_Own_4
UI_Hand_Ani_5,UI_Also_Own_5
UI_Hand_Ani_6,UI_Also_Own_6
UI_Hand_Ani_7,UI_Also_Own_7
UI_Hand_Ani_8,UI_Also_Own_8
UI_Hand_Ani_9,UI_Also_Own_9
NewPlayTextBG,OatNormDrugBG
UI_NewPlayTextBG,UI_OatNormDrugBG
PauseButton,BeachOutcry
UI_PauseButton,UI_BeachOutcry
PopButton,RobOutcry
UI_PopButton,UI_RobOutcry
UI_PopButton_1,UI_RobOutcry_1
PopClose,RobWispy
UI_PopClose,UI_RobWispy
0,0
2-1,2-1
2-2,2-2
title,Piece
bg_title_01,It_Piece_01
huodongjiemian_16,Counterbalance_16
icon,Stew
icon_item_22,Stew_Wide_22
kuang1,Clear1
Ranking,Prosaic
Ranking1,Prosaic1
Ranking2,Prosaic2
Ranking3,Prosaic3
Reward1,Unless1
Reward2,Unless2
Reward3,Unless3
Reward4,Unless4
shop,Atom
shop_bg1,Atom_It1
shop_bg2,Atom_It2
tab,Oat
tab_bg,Oat_It
active,Invade
tab_bg_active,Oat_It_Invade
text1,Blue1
tongxingzheng,Untraditional
tongxingzheng_01,Untraditional_01
LevelPopStar,ParisRobGibe
UI_LevelPopStar,UI_ParisRobGibe
LevelPopStarBG,ParisRobGibeBG
UI_LevelPopStarBG,UI_ParisRobGibeBG
RateBG,OnlyBG
UI_RateBG,UI_OnlyBG
RateBtn,OnlyPig
UI_RateBtn,UI_OnlyPig
bg_02_4,It_02_4
bg_bottom_3,It_Spread_3
huodongjiemian_01_2,Counterbalance_01_2
ui_btn_15_03,Or_Eka_15_03
RemoveAd,ChorusTo
UI_RemoveAd,UI_ChorusTo
Ban,Tar
BanMusicIcon,TarShootDarn
UI_BanMusicIcon,UI_TarShootDarn
BanSoundIcon,TarDelftDarn
UI_BanSoundIcon,UI_TarDelftDarn
MusicIcon,ShootDarn
UI_MusicIcon,UI_ShootDarn
PauseBar,BeachArm
UI_PauseBar,UI_BeachArm
SoundIcon,DelftDarn
UI_SoundIcon,UI_DelftDarn
SoundOff,DelftTap
UI_SoundOff,UI_DelftTap
SoundOn,DelftOr
UI_SoundOn,UI_DelftOr
pack,Sway
bg_pack1,It_Sway1
bg_title_02,It_Piece_02
icon_bg_01,Stew_It_01
icon_bg_02,Stew_It_02
icon_gold_01,Stew_Lead_01
icon_pack1,Stew_Sway1
light_pack1,React_Sway1
shop_bg_02,Atom_It_02
打折标签,打折标签
提示标签,提示标签
Card,Sect
LevelPopCardBG,ParisRobSectBG
UI_LevelPopCardBG,UI_ParisRobSectBG
LevelPop,ParisRob
UI_LevelPop_SlotBG,UI_ParisRob_LoveBG
SlotCard,LoveSect
UI_LevelPop_SlotCard,UI_ParisRob_LoveSect
SlotPop,LoveRob
UI_LevelPop_SlotPop,UI_ParisRob_LoveRob
UI_SlotBG,UI_LoveBG
icon_btn_14_03,Stew_Eka_14_03
icon_btn_14_05,Stew_Eka_14_05
ui_btn_01_02,Or_Eka_01_02
10,10
1080x1920,1080x1920
11,11
12,12
13,13
14,14
15 1,15 1
15,15
4,4
5,5
6,6
ea,Or
ff,Me
60f44f113c50065a06ea5590a0a9ff5e,60f44f113c50065a06Or5590a0a9Me5e
7,7
8,8
9,9
FeverTimeBar,WhalePestArm
bigwin,Impair
FeverTimeBar_bigwin,WhalePestArm_Impair
FTB,FTB
p,p
FTB_bigwin_p_1,FTB_Impair_p_1
FTB_bigwin_p_10,FTB_Impair_p_10
FTB_bigwin_p_2,FTB_Impair_p_2
FTB_bigwin_p_3,FTB_Impair_p_3
FTB_bigwin_p_4,FTB_Impair_p_4
FTB_bigwin_p_5,FTB_Impair_p_5
FTB_bigwin_p_6,FTB_Impair_p_6
FTB_bigwin_p_7,FTB_Impair_p_7
FTB_bigwin_p_8,FTB_Impair_p_8
FTB_bigwin_p_9,FTB_Impair_p_9
Icon_bigwin_2,Darn_Impair_2
Title_BigWin_all,Prowl_BatDay_Jar
Ine,Key
LIne,LKey
UI_LIne_BigWin,UI_LKey_BatDay
icon_1024 1,Stew_1024 1
icon_1024,Stew_1024
LoadingBG,MethaneBG
LoadingBG_1,MethaneBG_1
Loading_LOGO,Methane_LOGO
Loading_LOGO_2,Methane_LOGO_2
PB,PB
PB_Loading_1,PB_Methane_1
PB_Loading_BG,PB_Methane_BG
Basic,Alive
BasicBall,AliveHole
White,Needy
BasicBall_White,AliveHole_Needy
Birth,Every
Lash,Deck
BirthLash,EveryDeck
Verb,Pike
n,n
Enhance,Receive
BirthLash_Verb_n1_Enhance,EveryDeck_Pike_n1_Receive
BirthLash_Verb_n2_Enhance,EveryDeck_Pike_n2_Receive
BlackHoleRing,RoundMuchEddy
BlackHoleRing_1,RoundMuchEddy_1
BlackHoleRing_2,RoundMuchEddy_2
BlackHoleRing_3,RoundMuchEddy_3
BlackHole,RoundMuch
BlackHole_1,RoundMuch_1
BlackHole_2,RoundMuch_2
BlackHole_bg_1,RoundMuch_It_1
wall,Lamp
BlackHole_wall_1,RoundMuch_Lamp_1
track,Daunt
BlackHole_wall_track,RoundMuch_Lamp_Daunt
Bonus,Fiber
BonusTimeBar,FiberPestArm
BonusTimeBar_1,FiberPestArm_1
BonusTimeBar_Text,FiberPestArm_Drug
Goal,Span
BottomGoal,ExpendSpan
BottomGoal_1,ExpendSpan_1
BottomGoal_1_Enhance,ExpendSpan_1_Receive
BottomGoal_2,ExpendSpan_2
SET,SET
Btn_SET,Pig_SET
BT,BT
ring,Soda
BT_light_ring,BT_React_Soda
Bubble_Game,Satire_Room
Bulb,Kill
BottomGoalSide,ExpendSpanLieu
Bulb_BottomGoalSide_off,Kill_ExpendSpanLieu_Say
Bulb_BottomGoalSide_on,Kill_ExpendSpanLieu_So
Bulb_BottomGoal_off,Kill_ExpendSpan_Say
Bulb_BottomGoal_on,Kill_ExpendSpan_So
Triangle,Eloquent
Bulb_Triangle_off,Kill_Eloquent_Say
Bulb_Triangle_on,Kill_Eloquent_So
CashBar,MothArm
CashBar_bg,MothArm_It
Edge,Thai
EdgeWall,ThaiSoup
EdgeWall_Main,ThaiSoup_Wire
EdgeWall_Main_Enhance,ThaiSoup_Wire_Receive
EdgeWall_Top,ThaiSoup_Net
EdgeWall_Top_Enhance,ThaiSoup_Net_Receive
triangle,Encircle
EdgeWall_triangle,ThaiSoup_Encircle
EdgeWall_triangle_Enhance,ThaiSoup_Encircle_Receive
GameBG,RoomBG
GameBG_00,RoomBG_00
GameBG_1,RoomBG_1
GameBG_2,RoomBG_2
GameBG_3,RoomBG_3
GameBG_4,RoomBG_4
GemBar,CupArm
GemBar_off_all,CupArm_Say_Jar
GemText,CupDrug
L,L
GemText_reward_L,CupDrug_Admire_L
M,M
GemText_reward_M,CupDrug_Admire_M
R,R
GemText_reward_R,CupDrug_Admire_R
Gem_Blue_off,Cup_Home_Say
Gem_Blue_on,Cup_Home_So
Gem_Blue_on_1,Cup_Home_So_1
Gem_Blue_on_2,Cup_Home_So_2
Gem_Blue_on_3,Cup_Home_So_3
Gem_Green_off,Cup_Dodge_Say
Gem_Green_on,Cup_Dodge_So
green,Drama
Gem_green_on_1,Cup_Drama_So_1
Gem_green_on_2,Cup_Drama_So_2
Gem_green_on_3,Cup_Drama_So_3
orange,Statue
Gem_orange_on_1,Cup_Statue_So_1
Gem_orange_on_2,Cup_Statue_So_2
Gem_orange_on_3,Cup_Statue_So_3
Gem_Yellow_off,Cup_Dragon_Say
Gem_Yellow_on,Cup_DragSo_So
GoalReward,SpanUnless
Doubling,Identify
GoalReward_Doubling,SpanUnless_Identify
GoalReward_Slots,SpanUnless_Climb
Pillar,Spinal
LightWallPillar,PlaceSoupSpinal
LightWallPillar_main_1,PlaceSoupSpinal_Book_1
LightWall,PlaceSoup
LightWall_main_1,PlaceSoup_Book_1
LightWall_main_track,PlaceSoup_Book_Daunt
MainBG,WireBG
MainBG_Top,WireBG_Net
Phase,Renew
Easy,Rich
Heater,Unjust
PhaseEasyHeater,RenewRichUnjust
PhaseEasyHeater_Data_n1_Enhance,RenewRichUnjust_Iraq_n1_Receive
PhaseEasyHeater_Data_n1_Enhance1,RenewRichUnjust_Iraq_n1_Receive1
SlotsBG,ClimbBG
SlotsBG_1,ClimbBG_1
SlotsBG_2,ClimbBG_2
ss,We
FeverTime,WhalePest
Title_FeverTime,Prowl_WhalePest
TopLight,NetPlace
TopLight_1,NetPlace_1
TopUI,NetUI
TopUI_GemBar,NetUI_CupArm
GEM,GEM
UI_Line_GEM,UI_Jazz_GEM
BirthLash_Verb_n1_Enhance_line,EveryDeck_Pike_n1_Receive_Well
BirthLash_Verb_n2_Enhance_line,EveryDeck_Pike_n2_Receive_Well
BottomGoal_1_Enhance_line,ExpendSpan_1_Receive_Well
EdgeWall_Main_Enhance_line,ThaiSoup_Wire_Receive_Well
EdgeWall_Top_Enhance_line,ThaiSoup_Net_Receive_Well
EdgeWall_triangle_Enhance_line,ThaiSoup_Encircle_Receive_Well
PhaseEasyHeater_Data_n1_Enhance_line,RenewRichUnjust_Iraq_n1_Receive_Well
Collider_Bomb,Consider_Roam
Collider_Bomb_2,Consider_Roam_2
Collider_Bomb_3,Consider_Roam_3
Collider_Bomb_4,Consider_Roam_4
Collider_Bomb_5,Consider_Roam_5
Collider_Coin_1,Consider_Cape_1
common,Burden
Collider_common 1,Consider_Burden 1
Collider_common,Consider_Burden
hit,Map
Collider_common_hit,Consider_Burden_Map
blue,Oral
Collider_Gem_blue,Consider_Cup_Oral
Collider_Gem_green,Consider_Cup_Drama
Collider_Gem_orange,Consider_Cup_Statue
Collider_Split 1,Consider_Novel 1
Collider_Split,Consider_Novel
wheel,Cloud
Collider_wheel,Consider_Cloud
Mystical,Reindeer
Feel,Nose
Mystical_Feel_1_blue,Reindeer_Nose_1_Oral
Mystical_Feel_1_green,Reindeer_Nose_1_Drama
red,May
Mystical_Feel_1_red,Reindeer_Nose_1_May
Spring,Annual
SpringCollider,AnnualConsider
SpringCollider_1,AnnualConsider_1
SpringCollider_2,AnnualConsider_2
SpringCollider_common 1,AnnualConsider_Burden 1
SpringCollider_common,AnnualConsider_Burden
z,z
z_ball,z_Feud
z_ball_1,z_Feud_1
老虎机进度遮罩,老虎机进度遮罩
BirthLash_n1 1,EveryDeck_n1 1
BirthLash_n1,EveryDeck_n1
BirthLash_n2 1,EveryDeck_n2 1
BirthLash_n2,EveryDeck_n2
BirthLash_Verb_n1 1,EveryDeck_Pike_n1 1
BirthLash_Verb_n1,EveryDeck_Pike_n1
BirthLash_Verb_n2 1,EveryDeck_Pike_n2 1
BirthLash_Verb_n2,EveryDeck_Pike_n2
Cab,Dog
Hypha,Creek
Fix,Mar
Cab_Hypha_Fix,Dog_Creek_Mar
Cab_Hypha_No,Dog_Creek_To
Part,Tact
Cab_Part_Fix,Dog_Tact_Mar
Cab_Part_No,Dog_Tact_To
FeverNumberBar,WhaleGlassyArm
GamePanel_FeverNumberBar_1,RoomCigar_WhaleGlassyArm_1
FeverPB,WhalePB
GamePanel_FeverPB_off,RoomCigar_WhalePB_Say
GamePanel_FeverPB_on_1,RoomCigar_WhalePB_So_1
GamePanel_FeverPB_on_10,RoomCigar_WhalePB_So_10
GamePanel_FeverPB_on_2,RoomCigar_WhalePB_So_2
GamePanel_FeverPB_on_3,RoomCigar_WhalePB_So_3
GamePanel_FeverPB_on_4,RoomCigar_WhalePB_So_4
GamePanel_FeverPB_on_5,RoomCigar_WhalePB_So_5
GamePanel_FeverPB_on_6,RoomCigar_WhalePB_So_6
GamePanel_FeverPB_on_7,RoomCigar_WhalePB_So_7
GamePanel_FeverPB_on_8,RoomCigar_WhalePB_So_8
GamePanel_FeverPB_on_9,RoomCigar_WhalePB_So_9
GamePanel_FeverPB_on_all,RoomCigar_WhalePB_So_Jar
Gate,Tale
MainGate,WireTale
GamePanel_MainGate_1,RoomCigar_WireTale_1
SlotsHoleText,ClimbMuchDrug
GamePanel_SlotsHoleText_1,RoomCigar_ClimbMuchDrug_1
GamePanel_SlotsHoleText_2,RoomCigar_ClimbMuchDrug_2
GamePanel_SlotsHoleText_3,RoomCigar_ClimbMuchDrug_3
GamePanel_SlotsHoleText_4,RoomCigar_ClimbMuchDrug_4
GamePanel_SlotsHoleText_5,RoomCigar_ClimbMuchDrug_5
GamePanel_SlotsHoleText_off,RoomCigar_ClimbMuchDrug_Say
GamePanel_SlotsHoleText_on_all 1,RoomCigar_ClimbMuchDrug_So_Jar 1
GamePanel_SlotsHoleText_on_all,RoomCigar_ClimbMuchDrug_So_Jar
SlotsTimeBar,ClimbPestArm
GamePanel_SlotsTimeBar_bg,RoomCigar_ClimbPestArm_It
GamePanel_SlotsTimeBar_on,RoomCigar_ClimbPestArm_So
GamePanel_SlotsTimeBar_on_1,RoomCigar_ClimbPestArm_So_1
SlotsHoleLight,ClimbMuchPlace
Game_SlotsHoleLight_1,Room_ClimbMuchPlace_1
Game_SlotsHoleLight_2,Room_ClimbMuchPlace_2
Game_SlotsHoleLight_3,Room_ClimbMuchPlace_3
Game_SlotsHoleLight_4,Room_ClimbMuchPlace_4
Game_SlotsHoleLight_all,Room_ClimbMuchPlace_Jar
Game_SlotsHoleLight_off,Room_ClimbMuchPlace_Say
SlotsHole,ClimbMuch
back,Loss
Game_SlotsHole_back,Room_ClimbMuch_Loss
Game_text_Fever,Room_Blue_Whale
Game_text_time,Room_Blue_Near
Honey,Alien
Host,Tone
HoneyHost,AlienTone
Grade,Brand
HoneyHost_Grade_gold,AlienTone_Brand_Lead
spring,Tumble
HoneyHost_Grade_spring,AlienTone_Brand_Tumble
Icon_ball_TopUI_1,Darn_Feud_NetUI_1
s,s
icon_Coin_s_f1,Stew_Cape_s_f1
Icon_Coin_TopUI_1,Darn_Cape_NetUI_1
icon_Gem_s_f1,Stew_Cup_s_f1
Icon_Gem_TopUI_1,Darn_Cup_NetUI_1
SLOTS,SLOTS
icon_SLOTS_s_f1,Stew_SLOTS_s_f1
Maw,Bee
MawUI,BeeUI
Bow,Dog
CabBow,DogDog
new,Off
MawUI_CabBow_new_1,BeeUI_DogDog_Off_1
Mystical_Feel_1,Reindeer_Nose_1
PhaseEasyHeater_Data_n1,RenewRichUnjust_Iraq_n1
add,Way
add_ball,Way_Feud
add_boom,Way_Mail
bounce,Thirty
add_bounce 1,Way_Thirty 1
add_bounce,Way_Thirty
plinko,Turnip
add_plinko,Way_Turnip
split,Sweet
add_split_ball 1,Way_Sweet_Feud 1
add_split_ball,Way_Sweet_Feud
attract,England
hole,Foot
attract_hole,England_Foot
AUTO,AUTO
AUTO_10,AUTO_10
AUTO_100,AUTO_100
AUTO_50,AUTO_50
fall,Perm
fall_ball,Perm_Feud
Magic,Beach
Gem_Magic 1,Cup_Beach 1
Gem_Magic,Cup_Beach
Gem_Up 1,Cup_Go 1
Gem_Up,Cup_Go
lengthen,Humility
lengthen_split,Humility_Sweet
lengthen_split_10,Humility_Sweet_10
lengthen_split_5,Humility_Sweet_5
lengthen_split_7,Humility_Sweet_7
mutli,Latin
mutli_split,Latin_Sweet
coin,Luce
plinko_coin 1,Turnip_Luce 1
plinko_coin,Turnip_Luce
reduce,Sleepy
block,Extol
reduce_block,Sleepy_Extol
Reflective,Timberline
Reflective_wall 1,Timberline_Lamp 1
Reflective_wall,Timberline_Lamp
Serial,Former
explosions,Regenerate
Serial_explosions,Former_Regenerate
rotate,Editor
stop_rotate_block,Roof_Editor_Extol
stop_split,Roof_Sweet
Icon_MoreBall_1,Darn_RopeHole_1
Icon_MoreBall_2,Darn_RopeHole_2
Icon_MoreBall_bg_1,Darn_RopeHole_It_1
Icon_MoreBall_bg_2,Darn_RopeHole_It_2
Popbg,Igloo
Popbg_MoreBall,Igloo_RopeHole
Label,Globe
BtnLabel,PigGlobe
BtnLabel_100,PigGlobe_100
Btn_green_reward,Pig_Drama_Admire
BigGold,BatAiry
Icon_BigGold,Darn_BatAiry
Icon_Video_btn,Darn_Rebel_Eka
Popbg_Reward_BG,Igloo_Unless_BG
RewardItemBar,UnlessHomeArm
RewardItemBar_1,UnlessHomeArm_1
RewardItemBar_off,UnlessHomeArm_Say
RewardItemBar_on,UnlessHomeArm_So
Title_Reward,Prowl_Unless
Title_Reward_BG,Prowl_Unless_BG
lineReward,WellUnless
UI_lineReward,UI_WellUnless
GemBar_Big,CupArm_Bat
Gem_Blue_big_off,Cup_Home_Fox_Say
Gem_Blue_big_on_1,Cup_Home_Fox_So_1
Gem_Blue_big_on_2,Cup_Home_Fox_So_2
Gem_Gerrn_big_off,Cup_Virgo_Fox_Say
Gem_Gerrn_big_on_1,Cup_Virgo_Fox_So_1
Gem_Gerrn_big_on_2,Cup_Virgo_Fox_So_2
Gem_Yellow_big_off,Cup_Dragon_Fox_Say
Gem_Yellow_big_on_1,Cup_DragSo_Fox_So_1
Gem_Yellow_big_on_2,Cup_DragSo_Fox_So_2
BigGold_BG_Gem,BatAiry_BG_Cup
GemBar_1,CupArm_1
GemBar_222,CupArm_222
Icon_BigGold_Gem,Darn_BatAiry_Cup
RewardBar,UnlessArm
RewardBar_Gem_1,UnlessArm_Cup_1
Gem_Green_on_1,Cup_Dodge_So_1
Gem_Green_on_2,Cup_Dodge_So_2
Minor,Laugh
Title_Minor,Prowl_Laugh
Title_Minor_00,Prowl_Laugh_00
Title_Minor_BG,Prowl_Laugh_BG
PRIZE,PRIZE
Title_PRIZE,Prowl_PRIZE
Star_L_1,Gibe_L_1
Star_R_1,Gibe_R_1
Rare,Look
Title_Rare,Prowl_Look
Title_Rare_00,Prowl_Look_00
Title_Rare_BG,Prowl_Look_BG
Trumpet,Element
Trumpet_L_1,Element_L_1
Trumpet_R_1,Element_R_1
Gem_Yellow_on_1,Cup_DragSo_So_1
Gem_Yellow_on_2,Cup_DragSo_So_2
Star_L_2,Gibe_L_2
Star_R_2,Gibe_R_2
Grand,Venus
Title_Grand,Prowl_Venus
Title_Grand_00,Prowl_Venus_00
Title_Grand_BG,Prowl_Venus_BG
Trumpet_L_2,Element_L_2
Trumpet_R_2,Element_R_2
BottomWall,ExpendSoup
BottomWall_Blue,ExpendSoup_Home
BottomWall_green,ExpendSoup_Drama
purple,Hunger
BottomWall_purple,ExpendSoup_Hunger
Box,Rye
Icon_Box_Wall_1,Darn_Rye_Soup_1
LightWall_blue_222,PlaceSoup_Oral_222
LightWall_green_222,PlaceSoup_Drama_222
LightWall_purple_222,PlaceSoup_Hunger_222
LightWall_red_222,PlaceSoup_May_222
yellow,Cherry
LightWall_yellow_222,PlaceSoup_Cherry_222
Trampoline,Internally
Trampoline_Hit,Internally_Hot
WallPillar,SoupSpinal
WallPillar_blue,SoupSpinal_Oral
WallPillar_green,SoupSpinal_Drama
WallPillar_purple,SoupSpinal_Hunger
WallPillar_red,SoupSpinal_May
WallPillar_yellow,SoupSpinal_Cherry
Btn_x_set,Pig_x_Kea
Popbg_set,Igloo_Kea
Setting_Switch_off,Pavlova_Porous_Say
Setting_Switch_on,Pavlova_Porous_So
Title_Setting,Prowl_Pavlova
UI_Line_set,UI_Jazz_Kea
Btn_x_Rate,Pig_x_Only
PopBG_Rate,RobBG_Only
RateStar,OnlyGibe
RateStar_off,OnlyGibe_Say
RateStar_on_1,OnlyGibe_So_1
RateStar_on_2,OnlyGibe_So_2
RateUs,OnlyUp
Title_RateUs,Prowl_OnlyUp
BigGem,BatCup
Icon_BigGem_Wheel_1,Darn_BatCup_Tinge_1
Icon_BigGem_Wheel_2,Darn_BatCup_Tinge_2
Icon_BigGem_Wheel_3,Darn_BatCup_Tinge_3
Icon_BigGold_Wheel,Darn_BatAiry_Tinge
Icon_BigGold_Wheel_1,Darn_BatAiry_Tinge_1
Icon_BigGold_Wheel_2,Darn_BatAiry_Tinge_2
Icon_BigGold_Wheel_3,Darn_BatAiry_Tinge_3
LightRing,PlaceEddy
Fx_LightRing_00,Ax_PlaceEddy_00
Fx_LightRing_1,Ax_PlaceEddy_1
Fx_LightRing_2,Ax_PlaceEddy_2
Icon_Balls_Wheel,Darn_Steep_Tinge
TitleBG,ProwlBG
TitleBG_Wheel,ProwlBG_Tinge
Title_Wheel_1,Prowl_Tinge_1
Arrow,Mural
WheelArrow,TingeMural
WheelLight,TingePlace
WheelLight_off_all,TingePlace_Say_Jar
WheelLight_on_1,TingePlace_So_1
WheelLight_on_2,TingePlace_So_2
WheelRing,TingeEddy
WheelRing_1,TingeEddy_1
WheelRing_2,TingeEddy_2
Outside,Deviate
WheelRing_Outside_1,TingeEddy_Deviate_1
jp,If
Btn_green_jp,Pig_Drama_If
GoldBar,AiryArm
GoldBar_Jackpot,AiryArm_Surmise
Icon_Coin_btn,Darn_Cape_Eka
JackpotBox,SurmiseRye
JackpotBox_light,SurmiseRye_React
JackpotBox_off,SurmiseRye_Say
JackpotBox_on,SurmiseRye_So
Title_Jackpot,Prowl_Surmise
Title_Jackpot_BG,Prowl_Surmise_BG
fever,Lease
fever_BGM,Lease_BGM
ball_hole,Feud_Foot
win,Flu
big_win,Fox_Flu
bomb,Keep
celebrate,Basically
celebrate_1,Basically_1
celebrate_2,Basically_2
click,Tonal
broken,Greece
coin_broken,Luce_Greece
collect,Genetic
collect_ball,Genetic_Feud
collect_coin,Genetic_Luce
full,Body
collect_full,Genetic_Body
drop,Cult
drop_ball,Cult_Feud
egg,Aie
explode,Popular
egg_explode,Aie_Popular
electricity,Portraiture
fall_light,Perm_React
fall_light1,Perm_React1
fall_light2,Perm_React2
firework,Molecule
gem,Jay
fly,See
gem_fly,Jay_See
hit_bounce,Map_Thirty
chest,Shine
hit_chest,Map_Shine
hit_coin,Map_Luce
hit_collect,Map_Genetic
stone,Disco
hit_stone,Map_Disco
hole_attract,Foot_England
inset,Field
lanch,Group
slots,Suite
lanch_slots,Group_Suite
lanch_wheel,Group_Cloud
blast,Opera
light_blast,React_Opera
lots,Drab
lots_coin,Drab_Luce
roll,Kiwi
num_roll,Don_Kiwi
open,Left
open_chest,Left_Shine
panel,Sugar
pop,Gun
panel_pop,Sugar_Gun
regret,Puzzle
rotate_wheel,Editor_Cloud
slots_rotate,Suite_Editor
slots_win,Suite_Flu
Sound_GoldCoin,Delft_AiryCape
Arm,Dot
Bandit,Sparse
OneArmBandit,JetDotSparse
Sound_OneArmBandit,Delft_JetDotSparse
Sound_PopShow,Delft_RobEven
UIButton,UIOutcry
Sound_UIButton,Delft_UIOutcry
strike,Sweaty
right,Modal
strike_right,Sweaty_Modal
wheel_stop,Cloud_Roof
wheel_win,Cloud_Flu
,
Resource,Seasonal
ResourceBar,SeasonalArm
Slot飞图标特效,Love飞图标特效
加钱文字,加钱文字
加钻文字,加钻文字
大轮Item,大轮Home
小老虎机,小老虎机
小轮Item,小轮Home
收集器,收集器
收集器新,收集器新
松爪掉球_球,松爪掉球_球
炸弹特效,炸弹特效
物体,物体
球,球
球图标,球图标
翻倍机,翻倍机
钱图标,钱图标
钻石图标,钻石图标
CashOutPanel,MothDewCigar
JT,JT
JT_CashOutPanel,JT_MothDewCigar
Notification,Lithographic
NotificationManager,LithographicGrecian
IConfigManager,IWinterGrecian
UIParticleSystem,UIPharmacyPowder

